procedure id,#instructions,#samples,inYara?,f16c48ead435d2574abd2e18836681ba2ce788e7,8c29ad07039b6d5b672743efc007fc07f4197b68
006b39d2d47bd2be3841f451b6833e2c,8,2,False,0x5bac,0x59bc
00dec3b3cd76b5192857022cca79b960,1512,2,False,0x29328,0x29138
01416a5204fcd0c80abce4a66316f28f,40,2,True,0xb18,0xaf0
02e329a07e633bbd9e0def0ae27bef3f,156,2,True,0x38000,0x37d64
036bfddc8ec84fccaed9e50acd6b9f3b,44,2,False,0xff8,0xfd0
059c9d891b8159455fc5e4b41c33142f,42,2,True,0x3bdd4,0x3bb34
063cb9d106a33598623b70eace1d12cc,7,2,False,0xf8a0,0xf6b0
07b256e34aaa86f28fcafba130219c62,29,2,False,0x9044,0x8e54
090c00db2d6aa5d825c2b9ebef0deae2,11,2,False,0x3b4e4,0x3b244
09f3888baf1b6193d3a5a5da55b5212f,43,2,False,0x2383c,0x2364c
0cdae8c4b8299fb69e920fc1de4b4989,6,2,False,0x38e4c,0x38bac
0e4f7a8a353046afd1c412ef8db6112e,58,2,True,0x841c,0x822c
0eb66ceaa1242e6c8f44c7aeefa8e7b7,330,2,False,0x2e4dc,0x2e2ec
0ede595113fb3e6e1671b7e850a69871,88,2,False,0x3b374,0x3b0d4
0ee3c4a6ff2f218d1eb7936ebd3ab693,31,2,False,0x183dc,0x181ec
0f1e27632bbc7f2d2b4abe6d2cc8290c,51,2,False,0x2e2d8,0x2e0e8
109c37089c18df0dabe1ce994e2bc169,39,2,True,0x13ab4,0x138c4
10d84272ee345c74084813f4edd93e4e,7,2,False,0x3b0e4,0x3ae44
11020193363766c0f488c53c2c9ddc74,57,2,False,0x2e3a4,0x2e1b4
119b1a635dc40c4468a51504be41a613,190,2,False,0x33584,0x332b4
119bf9df669b82a099eb58adcfa585c1,21,2,False,0x1c5b4,0x1c3c4
11b7f54f0705b8901e38d409e24385c1,219,2,False,0x1b63c,0x1b44c
1211a74c3056ac478dd0eee6ecaded7a,32,2,False,0x3b18c,0x3aeec
12699c6c46d702a60fe46b01a3aeb766,18,2,True,0xfccc,0xfadc
12ba212cbcc6251813fc50a749618baa,122,2,False,0x7fe4,0x7df4
13af1413debdc36870738b2c20e7217e,12,2,False,0x19dd4,0x19be4
14121f04d10b11b94e245d24896efa24,16,2,False,0x32904,0x32634
143fb7a8f1ad6d3cd2acbdc979c3f929,3,2,False,0x30054,0x2fe30
144f95318604e82c8d333c0d96d81c4d,83,2,False,0x1370c,0x1351c
149368a89f76fe81b8f419d8544f7bb2,7,2,False,0x2e018,0x2de28
157fc063e0c20665ce74f22cddfcff21,14,2,False,0x51b8,0x4fc8
15b39b0f12793a0fc93954f9becb9ca4,84,2,True,0x36fe0,0x36d44
1676aecd3b2fc20f4820148a9916a207,14,2,True,0x2ef3c,0x2ed4c
17fb60993ef5b165c522700f22e75362,134,2,True,0x3ac3c,0x3a99c
1842f03b9418969f1d53f9b4e9bcbc83,25,2,False,0x15098,0x14ea8
1a82670a3f252271632c2a3d4b1081ee,12,2,False,0x19430,0x19240
1a99c9ae3cc5d3c995537674574c0363,106,2,True,0x26a54,0x26864
1c75fc39ae324edf8cd4c64ab2062697,16,2,False,0x1c6bc,0x1c4cc
1c953d98846d18d6ddb45afb11ea07fc,102,2,False,0x233f8,0x23208
1d4dd5feccfe95482e07462b0f4284ba,11,2,False,0x3b160,0x3aec0
1e0e8e49db9927bf5d18f45a8732410e,27,2,False,0x9a90,0x98a0
1e1fdeb241f8d19c201699117e801bfb,103,2,False,0xfec8,0xfcd8
1ece5b785371f840733dbc6d9ef3bb48,34,2,False,0x25bd4,0x259e4
1f1678d9f7aa05710d2563cb3dad0e0b,12,2,False,0x30770,0x3054c
1f1f5aada21ba17848b467c1edae6956,13,2,True,0x3480c,0x3453c
1f2e5f126950398a185a786eacda5c0e,34,2,False,0x8990,0x87a0
1f38f901a1992a7874e9562b00883fb9,99,2,False,0xa8a8,0xa6b8
1f3fba283d537b74099adaad17ff3336,333,2,False,0x707c,0x6e8c
1fd1bdf10e81baf915fda553f09bb795,9,2,False,0x34980,0x346b0
209968312169053ac864fb2945f06661,12,2,False,0x18820,0x18630
210de37e473d45ef06a9fa4683b93bc3,9,2,False,0x4bac,0x49bc
21d17dea1e7910519cb14b4a889c61e2,49,2,False,0x2f75c,0x2f538
21e2e617928557ce64071ae36bf0d66c,33,2,False,0x5214,0x5024
2277d089d8748f1b883512ee7576066b,29,2,True,0xcf4,0xccc
22ee437f33da9687b912dc56e3adb9da,13,2,False,0x23d6c,0x23b7c
236221079cb53edaa1ae8c8e581bb879,19,2,False,0x1e19c,0x1dfac
23717a010a6b135b08543781abd27838,21,2,True,0x15cdc,0x15aec
23dded4855b3c062017086331c2937af,92,2,False,0x27b8,0x2648
25728f0c893adf3837f99aedab92975c,12,2,False,0x2ff40,0x2fd1c
259f81b4d9e6d19c085116b05be50d05,36,2,False,0xb098,0xaea8
263c69bf6629cb2f1c61e3300805c838,26,2,False,0x1d56c,0x1d37c
2688878514b1d22fa2ef8923b4ac59a0,9,2,False,0x1fe78,0x1fc88
26ffa2953c3be690a3ea3bc8d434ad45,7,2,False,0x9f38,0x9d48
270d5b86a8ac79c25f199c9c2673aff1,128,2,True,0xce18,0xcc28
271b10ed8ce18459c41e18037a2250cc,194,2,False,0x1dc3c,0x1da4c
27ef9eb4b10a71178bd56da4d9a190c0,4,2,False,0x292cc,0x290dc
27f3ab1a376610a1c9ae97f69116e783,19,2,False,0x5278,0x5088
2809cbbb4aa49fbd9996c56c8548679d,39,2,False,0x1c7f4,0x1c604
2929b86dffe2c34dde86f1188580406e,163,2,True,0x11750,0x11560
29496939af8a968360b6ace7f3953748,81,2,False,0xf918,0xf728
29e99a9af10047acd449523d69230ada,9,2,False,0x51f0,0x5000
2a09d1283326bc21e0b7c15e41c1bd0d,14,2,False,0x8b7c,0x898c
2a5b9435c3a7ca429076dc5aa2d9d8e1,112,2,True,0x8504,0x8314
2bb98ef3a84becd5a8b998cdebcd9004,9,2,False,0x8a1c,0x882c
2bcb37781184031145f90f07950aeeec,17,2,False,0xdb4,0xd8c
2c03a9dbc96959c514adb8852215b016,79,2,False,0xef8c,0xed9c
2c597945fff68d64e001abb266f6acf0,90,2,True,0x878c,0x859c
2d0d28dc350ddf460985565e8d57769e,5,2,False,0x32808,0x32538
2d283d17e9eb1f0bd303bcd01f5df082,20,2,False,0x3b690,0x3b3f0
2e0a62c95960dfdca2d11cb6eb3cac1d,111,2,False,0x11a0,0x1188
2e66baec78bb61e649588364de914c29,64,2,False,0xbaac,0xb8bc
2ec886cefe434adeba524a22f2419617,145,2,False,0x21a58,0x21868
2ee506cf7ace21029852c0743d8a3b8e,30,2,True,0x19208,0x19018
2f54ec9de1c5341ad0b8c07af4d67779,26,2,False,0x5b44,0x5954
30288a27fe20304711daaf81dadc7a16,150,2,True,0x33cc0,0x339f0
303283c3c57cdb59dfbe3c96fc4a0ed5,138,2,True,0x23590,0x233a0
305e02fe14d97aed644ba122f277abd0,78,2,True,0x5694,0x54a4
31f03937990e906d8755e7ddfe0af6dd,296,2,True,0x31208,0x30fe4
320c4703763a2811d601b54cb65a0590,6,2,False,0x3aa80,0x3a7e0
32e55389917b7cffdcc80bf3850ae65b,21,2,False,0x1878c,0x1859c
33c9cbe2b6a95d9ff9dcf6275057a259,20,2,False,0x1c7a4,0x1c5b4
36156390dc1533341011f6018c875234,27,2,True,0x5e58,0x5c68
36462565022e5e98390f71f88a63c9b5,466,2,True,0x10598,0x103a8
3671169f08508430a259558eeb277d3a,1435,2,False,0x2b05c,0x2ae6c
36eb314fa67bb19fc1aa5042220bbdc0,3,2,False,0x9e90,0x9ca0
37625cc805319d0793d6578c9c73a518,192,2,True,0x13bc0,0x139d0
37995d0e7d3fd221e54813d9d155ac4a,44,2,False,0x2ffa4,0x2fd80
3823cd460bfbace45bdfc0bad0b90a1f,65,2,False,0x4a1c,0x482c
391ee06b4b0ee2843feaa71378e51757,41,2,False,0x188a4,0x186b4
3954c1977d455f43e7e4995b80fb18ce,137,2,False,0x81d0,0x7fe0
39a6e14f1c4047f743a69114a34ccbd6,43,2,False,0x307d0,0x305ac
3a9a4adeba9f2e8dce53acd60402c51d,14,2,False,0xf77c,0xf58c
3b1624f9eb99a1af66dfc2f5649d687c,16,2,False,0x98b8,0x96c8
3b65d8c263f4af0095f316b67c6f5b6d,93,2,False,0x1c968,0x1c778
3b97f51da0ed12878afbab477c97071e,49,2,False,0x199d4,0x197e4
3c6c3d25738d6fe4241d81818a140ceb,20,2,False,0x37edc,0x37c40
3cb08b7f2c8b6d70284ada6d2e2c2e9d,49,2,False,0x2defc,0x2dd0c
3cd8600c77e33475f3b003905a6a17d3,9,2,False,0x1e778,0x1e588
3d632dccd72631b2bab1512e5332e69e,41,2,False,0xfde8,0xfbf8
3e97d384f3b5fd40407d0cb25577609c,16,2,False,0xf57c,0xf38c
3fb6fba399f3cd3516419829798b9eff,398,2,False,0x1a330,0x1a140
4107d57cde33bee3e63b0f0b6471aef8,365,2,False,0x15e28,0x15c38
430a5449a00a8717201c7be4de4268c9,28,2,False,0x32240,0x31f70
438595284dac32fbf5a73e4e9c73b839,22,2,False,0x2dfc0,0x2ddd0
43a609b668fcf2ac83527cc6d63d94dc,237,2,True,0x17f0,0x17d8
43f88ef8d5e0ab8dba8ae1718194f69a,32,2,False,0xa1b8,0x9fc8
446144afd34548b26be5f9cb8f83362d,30,2,False,0x12f98,0x12da8
44b3bddc365854b2789ef25a662b86f8,44,2,False,0xb5ec,0xb3fc
44c325ef72d1324234e82c89ca12114c,262,2,False,0x3734,0x3564
44e87e1310d4f443fcf38f7575b472be,12,2,False,0x3b6e0,0x3b440
44ff30c1155ed3b437f9cbffca50cee3,30,2,False,0x3bd58,0x3bab8
4503628bcfd95b169342eae28807a192,2,2,False,0xf340,0xf150
451ac3aed174fce4605cac9cf13c2457,43,2,True,0xbc4,0xb9c
45445b04b2740e869ac049607eb48dcc,8,2,False,0xed3c,0xeb4c
45c8b0c8a8d294be4c90aade4fa46c4a,408,2,True,0x37858,0x375bc
45d45ef2658ceb7cda80f488f3a5c176,34,2,True,0x19460,0x19270
45d52b41ffc13242220c86c210d0f6da,58,2,False,0xd74c,0xd55c
46e2d34aaa494e69fcb1e255e7c72231,178,2,True,0x6d60,0x6b70
47cf1e5925e2716e52fc3cd9898de285,13,2,True,0x2ec84,0x2ea94
4925f06d1c870ef75c65a786ccf86e89,61,2,True,0x549c,0x52ac
495a1a5ef1319c379c5bc525da35efb9,62,2,False,0x32710,0x32440
498a640cf9914b53dcad245256b754d4,23,2,False,0x2ec,0x2ec
49e6b2de149f6784af8709864af2b9fa,30,2,False,0x5618,0x5428
4c318f051fe79cd14d64293121831556,9,2,False,0x349a4,0x346d4
4f31d509df0d1c254306ad7a85100a0b,20,2,False,0x7030,0x6e40
4fa42f60edec022a11e2f591df01475b,175,2,False,0x190,0x190
501c4b5d91db608ad491a3be7ab89bc8,187,2,True,0x26768,0x26578
5082ea7f738896457ae73ebaffccb7a5,14,2,False,0x292dc,0x290ec
508ca7f88d6632ad2ca43c96e780cfc5,77,2,True,0x2cc50,0x2ca60
509c64f92d4d2895048616e2e35dc8de,87,2,True,0x8da4,0x8bb4
50dbb41d911a9ed6fab2e9cfcef773f8,51,2,False,0xb80c,0xb61c
50fa026db88e2e1f3dccbf779d82b8af,311,2,True,0xa3bc,0xa1cc
51fbc265aa0c1527114e554032c3b0e3,67,2,False,0x2083c,0x2064c
52204a2d374d9f1ecd5936fe3f72796a,6,2,False,0xf298,0xf0a8
5232cd14cd58beee50184fd78afd12df,3,2,False,0x2ed14,0x2eb24
52971ecdefba493aee5fe75dded9d0d3,7,2,False,0x1361c,0x1342c
535cf66922e981308ba7e1fcaf16fb7b,54,2,False,0x34b98,0x348c8
53d864a55e3dd40b0f847762b5f1e423,12,2,False,0x36afc,0x36860
549d2f2078a534000b8b50f3b0637a2c,218,2,True,0x342e4,0x34014
54e694290279e92e183bfbbe0f762b12,56,2,False,0x190a4,0x18eb4
55a2c941a835b98ed8032d5d9f1d07bb,118,2,False,0xeaf8,0xe908
55b31011ea18c29c0965e1f67f641836,22,2,False,0x34b40,0x34870
5657cc500f768a76ad153ad8170dc1f6,54,2,False,0x8cb8,0x8ac8
5674ed2302d111fce2de156c75d8f4a1,7,2,False,0x1e738,0x1e548
56b549edea74d1c8736da23fd4e6fccb,64,2,False,0xedb4,0xebc4
576d71513577d3132b655d4db37a3bf1,64,2,False,0x20e70,0x20c80
5797ff0673647f314c86fc77115e9c13,206,2,True,0x1494,0x147c
5a07378171f7d0518e32fedeb85c1d65,376,2,False,0x3095c,0x30738
5a0e106474d461816ad4a8499d57ae12,3,2,False,0x2feb0,0x2fc8c
5abadb0076b2424ab82747ec3fa301a1,190,2,True,0x12778,0x12588
5bc97cac87ffd7431671dd7921592155,113,2,True,0x12468,0x12278
5c342b2f5bd0abbc24be64e90e23cbc2,34,2,False,0x240c4,0x23ed4
5d255b1c8f6aff57c945855a850e5f4c,5,2,False,0x2efcc,0x2eddc
5d2d5235165b5310383adc78af4aea29,70,2,False,0x18ac8,0x188d8
5d59a24dc3b5aaf11bc27cd4374d1852,63,2,False,0x184a4,0x182b4
5d68b20e8fe24878e5bfc1e54b3506c7,48,2,False,0x19b90,0x199a0
5de1a61c637823be46c6e594281ce339,2,2,False,0x36614,0x36378
5e50b087f0b3ba2cf41c6ab1e9c80ecd,3,2,False,0x90c0,0x8ed0
5e5afa12318275ee8f1a9f170002a7fd,151,2,False,0x2f83c,0x2f618
5ea8600f681e5824c2103a5f308358a0,39,2,False,0x13a18,0x13828
5efe6177e048f80b8f3ec53aa37d8ba9,14,2,True,0x2ed7c,0x2eb8c
5f1d09ba908bd8aab749412ada728242,115,2,True,0x2fb40,0x2f91c
5feb86c7eadfd6122e57ae17a2643d04,5,2,False,0x4344,0x4154
60bfa0ee30806f89180a4104ee82d1dc,491,1,False,-,0x1e68
6185e90557367d1fc20a15916a4d52db,2,2,False,0x35cc0,0x359f0
62343178937f8ec36c14fc218d8464d6,14,2,False,0x1c5e4,0x1c3f4
625c98e3384efaa856ae7fb3fc0d7d5a,115,2,True,0x2cd90,0x2cba0
62b0f4eb51cadf36feea9fd3a6cca254,59,2,False,0x1e79c,0x1e5ac
634bd2cc57ee5f11b5f4dca794665c1c,48,2,False,0x352fc,0x3502c
6422e38605906560ee70821e06cb1278,154,2,False,0xaa88,0xa898
646b6e4d1d1f79ceb8596a74c6df98dd,15,2,False,0x2febc,0x2fc98
65245445531dcbf477e84f6db2b5e4cf,35,2,False,0x3526c,0x34f9c
654bd89a408742dc55292c5e021365a0,27,2,True,0x30638,0x30414
66c3282174e8abb54b2f4421007416a7,89,2,True,0x36258,0x35f88
68c9d48240017d7b9b9a39a7dcc6e924,88,2,True,0x33b5c,0x3388c
6913d7845acffa2ade05aaa39f2bf3ed,67,2,False,0x9ccc,0x9adc
692cf67236a82e6466f028979057f4d4,1,2,False,0x35cc8,0x359f8
6932a94ac44fc23a1d58af76d53c0719,28,2,False,0x13638,0x13448
694db0f7aa37f6b7d3dab26c708cbf8d,32,2,False,0x33f20,0x33c50
6985b3aeb8eabcf683a256a1ab67ff69,2160,2,False,0x26e68,0x26c78
69d815d197f57a52bf86165bf9a669ba,180,2,True,0x1fb90,0x1f9a0
6a6cc33e8ff3a8939367982c0ee92275,79,2,False,0x349ec,0x3471c
6a929998f08762bfdb1a07ca4f8f8796,47,2,True,0x36904,0x36668
6b49a6b131e36fd6d18892b02492f5b5,5,2,False,0x3c044,0x3bda4
6b81d13af83b5566f1d12b0d8b2b44c9,13,2,False,0x2cafc,0x2c90c
6b8f925f64fa2aada3b920ae3b8d3d92,16,2,False,0x311bc,0x30f98
6ca70a6ca2c85f47c5902c6f9918c763,58,2,True,0x622c,0x603c
6d4fc74d0386b412c7d6aa7aab331dcc,8,2,False,0x32944,0x32674
6dd38cfbfdbbae9c328f269969fefe93,3,2,False,0x7070,0x6e80
6ffe0666619be107c2302bf2e4ddcc3f,72,2,False,0x30060,0x2fe3c
70b3cbc563a4d161f28f45c1dbc9dc69,15,2,True,0x6434,0x6244
7113e06d8de56dfb7e3064ac74d5ca0c,43,2,False,0x3201c,0x31d4c
717f1833efd7a310e3c94ae7581e15aa,101,2,False,0x4850,0x4660
71ca712d11ed1189cdb6ced2b61e05eb,38,1,False,0x31838,-
7208b537bf8b86c18979e617b07eaf58,78,2,False,0x36c44,0x369a8
72af05d507be1d2ef254cfd2c323a11e,62,2,False,0x2e1c8,0x2dfd8
72e92f7add969ec4537c1e88ade9bb90,326,2,False,0xbd18,0xbb28
73b3df3db47f09c1bd5b54e1e9da5483,74,2,False,0x3bec8,0x3bc28
7541b5756a5d7d1de39b689887d5f92a,81,2,False,0x1d930,0x1d740
75472b3634e4af8fc022050bd414bf81,6,2,False,0xf2b0,0xf0c0
759674aaa37e562895527559caae2991,17,2,False,0x1eafc,0x1e90c
75afcd1d8753ae2590ba486b9a77aee6,177,2,False,0x3281c,0x3254c
75fde79aa0b4505c87e9bfc3cc14e586,35,2,False,0x321c0,0x31ef0
765fd2194583e595ad17abc8146e1f2b,109,2,False,0xf0c8,0xeed8
788a7d2f43ae74e28bb1ea9c85362b89,24,2,False,0x1c468,0x1c278
793d7a55a2e7864b75c4a71d5481b3fc,31,2,False,0x2c774,0x2c584
796c43ffa7b03c708655a54f42dbbe19,94,2,True,0x31ea0,0x31bd0
799da9044096b26f0dbf2497a84e73a3,66,2,False,0x3aa98,0x3a7f8
7a447d365efd1f575655bb6af4ef3fb8,120,2,True,0x1bde0,0x1bbf0
7acf9547e2b362690f8e37acc27d8b00,8,2,False,0x88f4,0x8704
7b3b38d56421f27e12dd7ea833017f3b,33,2,False,0x2c8f0,0x2c700
7b6e522927f1d326217b9ea3bde1e886,13,2,True,0x90cc,0x8edc
7b9cc21c69dd1c2f3cb7ece82adac45f,112,2,True,0x31bf0,0x31920
7bab8a60295a888901b07151cb247093,329,1,False,-,0x27a8
7bbb7637acc7a597e68c783a7f7c42b7,25,2,False,0x136a8,0x134b8
7c9679802e3ac37a1cfe288c49354e47,116,2,True,0x4024,0x3e34
7cea3b31b6cfef602b0c580081128774,24,2,False,0x25600,0x25410
7e0548096595e4cad47d4018e3b8b38a,24,2,False,0x9f54,0x9d64
7eb0354a5c85ecf8fa1e53c1daf93790,42,2,False,0x1c50c,0x1c31c
7eba0452a4733f33621a1325908b3f17,3,2,False,0x306a8,0x30484
7eddfc9189ad576918b533164050bad5,704,2,False,0xdf30,0xdd40
7f407ff0f1d2ab2498f54d1fbab33f44,16,2,False,0x193f0,0x19200
7f90060984572cfa3173604b6d50b880,2,2,False,0x360c0,0x35df0
7fb2637f30e36bf17cbf8402f09037f9,285,2,True,0x7a28,0x7838
8007bdf544a3c1f18eb0391478c8a41c,14,2,False,0x3b920,0x3b680
80846f9b60d6932b4725c7ad320cc1f6,16,2,False,0x1c424,0x1c234
80b3d2310143258e581b013d2bb924fd,44,2,False,0x3b510,0x3b270
80f295c1bd3114b115c50ac8788d9aca,115,2,False,0x5894,0x56a4
80f3d37e19f1cdbd18af8bc841e403bf,49,2,False,0x353c8,0x350f8
816e81c93b0e6bd5c58fe8e92ac0ea58,340,1,False,0x2940,-
8178f62c78d7a0f9b70e1e16d79ddcab,190,2,True,0x33fd0,0x33d00
8185b29e2d071d7fc2a46c3a7c2dac3d,19,2,False,0xf6b4,0xf4c4
8191ad662da4a17e46f98ca29a6ff11e,6,2,False,0xf328,0xf138
823dcbd3c38a37bbd107daaf9e40d872,145,2,False,0x2d084,0x2ce94
82463e3fd67c6f8ddfb726c1b7409e08,4,2,False,0x1374,0x135c
82521be054d5c831e72ae99d685b0854,134,2,True,0x38ff8,0x38d58
82ae65841adea444617ebf62fcf1402e,66,2,False,0x17bfc,0x17a0c
83091d5dbd4c5e42fec4d1f086d144dc,18,2,True,0x8be8,0x89f8
83306abd7cc7bab6767ff555b20cffab,27,2,False,0x123f8,0x12208
83be10a85c485f3e41c34cfd4f0776b8,43,2,False,0x20b58,0x20968
84851c9f4d9ba1911e6db07eb3cfad35,57,2,True,0x186a8,0x184b8
8487a161b9a407f74c8c295e18757638,508,1,False,0x1e80,-
84899cda4801365b98a41326b99ba45c,67,2,True,0x2cb34,0x2c944
85df2144d2d261f3f0e94965e19935d6,3,2,False,0x2fef8,0x2fcd4
86c0a7685d2b17bce5a9266b4a8e641b,30,2,False,0x6824,0x6634
86df39666fb05da39e52fd5597a07869,41,2,True,0x2f450,0x2f22c
870cc60e81bd3bc7cbe623f768cd033d,87,2,True,0x4f90,0x4da0
88058ae229480f57049f1f6ccc050ec5,47,2,False,0x17d04,0x17b14
88b1546a9fb3d5ad4579ffd621b4a676,77,2,False,0x31a14,0x31744
89256b26785b5f011a54a14a3e66c9f4,30,2,True,0x39278,0x38fd8
8930f7bdd26751d50ac8a31d5fd70b1a,199,2,True,0x5ed0,0x5ce0
8932c20ffa20a0451559fb5bc54fcd79,12,2,False,0x3c008,0x3bd68
89ee5e88404ed9e8787ab1899d80740a,12,2,False,0x1c890,0x1c6a0
89f8d1e12eaf6f62418f6f85f45cc7c5,59,2,False,0x6c68,0x6a78
8b57f2310841314d63441914c908c87f,81,2,False,0x5ca0,0x5ab0
8b5d1de4a3dbb866ae8740ad8088ce71,8,2,False,0x33564,0x33294
8c6587d32b62721baf577d4751df314f,82,2,False,0x6474,0x6284
8cfb68c879f8afb98257a4b4d9e2babb,23,2,False,0xea38,0xe848
8df5b4bc94738349cc8796f4d6d89788,140,2,False,0x1bbac,0x1b9bc
8ecc40a35d4465bea737700af7409bf2,44,2,False,0xf748,0xf558
8f65b4508058f8836f6635c0846a008b,6,2,False,0x94,0x94
90c427b3ff7fe005b80859ca6c9e25a0,24,2,False,0x321e0,0x31f10
90ce40f22a2b6b1c2bf33a15aa07e2c7,2,2,False,0x33fa0,0x33cd0
918edcecbc47b8c7665f66656e32b124,48,2,False,0xfbe0,0xf9f0
91b903f7e69a85c22031f936d2c8efea,36,2,False,0x31e6c,0x31b9c
9206c1e6d7aeb63e0d2f77bb0cca5c3e,84,2,False,0x13010,0x12e20
9267e08a072540919ae5865063c3bfe2,189,2,True,0x4c74,0x4a84
92e75f9839a317ecda6e02286eb5d36b,233,2,False,0x18d00,0x18b10
9378aeda008ab55425ba9fc615fc5d4f,80,2,True,0x23f68,0x23d78
93ded35e597228b644b06915e33105e8,123,2,True,0xd4e8,0xd2f8
94fc33b35d7cd1769c308d9799f173ce,12,2,False,0xba7c,0xb88c
963c7bb85f4fcb2b4b549cbacc2e9a7c,38,2,False,0x31dd4,0x31b04
97aa9425c2cf62516260c56bfc962ddf,70,2,False,0x92c0,0x90d0
98097b813977602c4363e744ff9720bb,33,2,False,0x308d8,0x306b4
98e03c0fb1fc800af0b1815d0ffc24d0,148,2,True,0xcb64,0xc974
99179f2de573e5a0a0583826b01f391f,61,2,False,0x34d50,0x34a80
9a62bec9bef4f08ae921c07ba4ad8fda,25,2,False,0x35130,0x34e60
9ad3329e3458960bcaf9706031ac7e7e,70,2,False,0x1817c,0x17f8c
9b0fa8e6aa78faa7318c86f3a1ae3608,47,2,False,0x36b88,0x368ec
9d02b5a33d71289de25ff2210d8032bd,103,2,False,0x17fac,0x17dbc
9d65849350bb0473689801eaeb644822,75,2,False,0x38788,0x384ec
9d6e9ba0f480ea8becd5f9cb9e9d56b8,224,2,False,0x216d8,0x214e8
9d7035bfe179028b4304e3054ebb952a,502,2,False,0x39b20,0x39880
9d73907e39440122b3ea0fb4cd1c40d1,17,2,False,0x1f354,0x1f164
9e5a27540097d59651046d3ae3720aa5,123,2,True,0x2d2d0,0x2d0e0
9f6b53b33cc8f976af5746992cdc96d7,102,2,True,0x31020,0x30dfc
9fcaa22d529d124d81d58beab8f3348c,7,2,False,0x2fb20,0x2f8fc
a00f2244abe51452c3bc819ebc683e09,10,2,False,0x10f40,0x10d50
a05d71a92e98eae1cddf6520f1199b64,32,2,False,0x32690,0x323c0
a069c69699425a52d5c17f83c2707116,4,2,False,0x8d94,0x8ba4
a09e7834ca5baee376852a9e35f18e82,10,2,False,0x25c70,0x25a80
a0f00ef1b1a23a556b2fde41cbb3443f,109,2,False,0xbbac,0xff90
a17b33161cffe7095ca68f730b4502ab,38,2,False,0x6318,0x6128
a283c85a18054fef61a9e9915caefcaf,74,2,False,0xf988,0xf798
a44e8253e21f7e3769646c1143f5cd38,30,2,False,0x2e144,0x2df54
a476559990a052a11b0a41f3997b8889,264,2,True,0x112a4,0x110b4
a6f01cdd5379a60b459c3165e4730168,26,2,False,0x34f8c,0x34cbc
a73b1892469a3f677ffc37eafccd2aee,20,2,False,0xaa38,0xa848
a7e598d059d799f28e5db400c524cde6,53,2,False,0x197c8,0x195d8
a85c5d340eb872068a5eac51ca526157,47,2,False,0x2161c,0x2142c
a95f0b142b314a4db54b6848c0a8a4e3,37,2,False,0x361c4,0x35ef4
aa8ce85701c2e9267aa57b6b09ea63c8,44,2,True,0x7738,0x7548
aae071104f37d8667a6ff7054635c9ba,120,2,True,0x261f0,0x26000
aae245f5ffdd98c775f6dec279eaf7e9,41,2,False,0x2cf70,0x2cd80
ab0e204e72a2bbbc4931a5bdab2e579a,16,2,True,0x19b50,0x19960
ab8b2bdf805601685dcace122672a9d8,65,2,False,0x6b64,0x6974
ac52a783df4df909d25fa026305fe280,290,2,False,0x388c0,0x38620
ac9df61f15cad2da5511864dafbac514,42,2,False,0x1fac4,0x1f8d4
ad36020ff007beea06d37a38aac8bdaa,63,2,False,0x196cc,0x194dc
adc4b2b63896075489ce630bde32e152,51,2,True,0x30274,0x30050
adda68727f297f735c89d32256619dc7,14,2,True,0x2ff04,0x2fce0
af1d8c116cbacc199b4acf7fba6fc242,9,2,False,0x187e0,0x185f0
afc2a35bf91d79be2100e6754626e021,196,2,True,0x2f040,0x2ee50
b04f21f5900edf6718ebfeaabec0fe29,53,2,True,0xfd14,0xfb24
b0a1e05fc1ea7618ebce7844e3120d3a,15,2,False,0xfba4,0xf9b4
b0c74555f0c5653195e8e6e8c33bcc5a,111,2,False,0x1c0e8,0x1bef8
b0cc400795c03bf13583e3a704916cae,40,2,False,0x1c61c,0x1c42c
b1447ee747ec4444cb8400047773cf9b,69,2,False,0x17e8c,0x17c9c
b2f9d0dfff402562927263b9de9baed4,12,2,False,0x34840,0x34570
b3a0800d2fbd0b9c057a0c93036800e7,68,2,False,0x65dc,0x63ec
b3b3b77d0edfb64c498d4ceef30c7ea9,280,2,False,0x3b80,0x39b0
b3f1eb9242e47df1305c218e45c67f8d,54,2,False,0x393bc,0x3911c
b57b240b04e19ab2d86d8281c1008908,175,2,True,0xc8a4,0xc6b4
b61668eb32e09077d82c39aca4ba072e,3,2,False,0xf38c,0xf19c
b61b8bc5e26da6d464b9099892ab45f1,92,2,True,0x19280,0x19090
b79cbc1da4a2d5f5135405f9ebcfdbb2,58,2,False,0x39968,0x396c8
b8dd8eda463bdee6349939bd9cc42fb7,342,2,True,0x2d9a4,0x2d7b4
b9f9315ebf1751d3eb523c0cd3133d45,57,2,False,0x19e04,0x19c14
ba0f256953aab4b4d7c5d8416c7ef5a3,31,2,True,0x2f6d0,0x2f4ac
bac3b276831cbf1926718966cda9359b,32,2,False,0x195f4,0x19404
bbf5bbe3d9b873321874f19f1e1b9bce,27,2,False,0x1d190,0x1cfa0
bc20ea1634885ef605e9a980f1242cf8,9,2,False,0xef68,0xed78
bc867719b84a619bcfbb86588a5420f4,33,2,False,0x1e000,0x1de10
bc93cd6ec1601a2af31b6ec41ffb4112,17,2,False,0xd6d8,0xd4e8
bce3e19c1e0355f360a466f310c002de,214,2,True,0x3a6dc,0x3a43c
bd11a9bd45de7f750cb7b63e9504020b,70,2,False,0x31ab0,0x317e0
be4cebcc118e9e1594f431b676be7ea3,20,2,True,0x2ebdc,0x2e9ec
bf264c03cf5fa13a9d3aed91bad69b04,65,2,False,0x36e38,0x36b9c
bf374197de98f5446fe76a1ba5bcf4cb,6,2,False,0xf2ec,0xf0fc
bfe2745d9c63ebe92f3cfb553d4c9b94,29,2,False,0x5de4,0x5bf4
c1b6e9110069682caac15e037690e3d8,2,2,False,0x10008,0xfe18
c242e3db80fdaae17b9d8855d14d724d,137,2,False,0xae6c,0xac7c
c24991e9d1326b3b34dce9019e2402c0,158,2,True,0x3ae58,0x3abb8
c25380a3453164ab4e20ef4e6dc082a6,20,2,False,0x2e48c,0x2e29c
c2d7a83f8ac4081a9c8296e30587b008,38,2,False,0x26d54,0x26b64
c3c34c83ca5bc3a6a15fed4bfd279f0d,650,2,True,0x150fc,0x14f0c
c44376f3b87928e757c412b3db812205,7,2,False,0x25c98,0x25aa8
c4535219905cbb41d7330fbd9edd19f1,121,2,False,0x2f600,0x2f3dc
c491094462be50567291da4c504f0b31,116,2,True,0xd314,0xd124
c510216b28ad3f4e4a3d29806f5541e9,122,2,False,0xb3fc,0xb20c
c58ee681245eb3cbbacaa17dc862131e,67,2,False,0x20c64,0x20a74
c6bad4764ac0488d939b51a37ba1af29,250,2,True,0x13168,0x12f78
c74774cc378a99f1ebdb26ce414acf3a,66,2,False,0x194ec,0x192fc
c7531887005944dae61b40a590b326db,54,2,False,0x12eb8,0x12cc8
c7c1a52d763691fa981705d4022739f2,680,2,True,0x32a9c,0x327cc
c92a6c60f8c39829603aeced6bbd4afd,158,2,True,0xd01c,0xce2c
caecfb296ab97e4795ac27d31d4ab977,37,2,False,0x18c6c,0x18a7c
cbc4b3e8e9dfc122db67c047f0196abf,35,2,False,0xff90,0xfe20
cc18f91b1da9ac6d7cc8126cdb6201e8,11,2,False,0x420c,0x401c
cc323b8bef5b5db59eb1992a7a4f6de8,12,2,False,0x24594,0x243a4
cc79190c81d2823fdecd515ced4539eb,75,2,True,0x369c0,0x36724
cc9a3c16b5ab40945ef5142ac5b33548,97,2,True,0x15b50,0x15960
cd85e0c80ec7427d8802b5652e237b29,33,2,False,0x237b8,0x235c8
ce589513d12d317825fbb309e47c9aef,21,2,False,0x20c0c,0x20a1c
ce6e0f886731cfb23b597723137a2958,165,2,True,0x3a32c,0x3a08c
ce8e5179b50cdd0b86bb0128c7605997,35,2,False,0x1d200,0x1d010
ceb6104e74f0c19f38669af8346627b4,44,2,True,0x13864,0x13674
cfb918f3c647437ac69ef9b6529d1dd8,109,2,False,0x19ee8,0x19cf8
cfe9f5d5a7d9c9d1ddc67c95eb5ab86c,64,2,False,0x322b0,0x31fe0
cffa432d529f6181cf0bbb04f8e8fb3c,23,2,False,0xece0,0xeaf0
d0001ffeafa618a50cbeebad3619e881,90,2,False,0x35ccc,0x359fc
d03f20165f807c03c4383620aa4ae049,46,2,False,0x3b7f8,0x3b558
d07db45aa591ef5ec3ed8c8faba708e8,39,2,False,0x4bd0,0x49e0
d11f3d2778b13074965b83ffc955ade8,84,2,False,0x1a09c,0x19eac
d1b452f22aa826dd38188d1a75906597,178,2,False,0x30340,0x3011c
d242f6cb66d97952e6d4b3b52b3e49c4,14,2,False,0xd74,0xd4c
d28370d60031032500078bdbc63ecf6e,643,2,True,0x119e0,0x117f0
d3a600debb22aa5300d39fb9f3d862ce,50,2,False,0x3b5c8,0x3b328
d3c4aa079e044dcc66392aba36cb1ebe,18,2,True,0x3a600,0x3a360
d4211926b93013c1ddb036d467610267,189,2,True,0xc238,0xc048
d430fbdb862213fbd63fa6cec463fc2a,29,2,False,0xb8c4,0xb6d4
d44137fa32c494304115900c1c50f94c,43,2,False,0xf7d4,0xf5e4
d5fe9995a5bff5816791c12e268ffd10,153,2,False,0x1f398,0x1f1a8
d66654c822c8e8439bb61e475d602e62,13,2,False,0x2ff70,0x2fd4c
d6fc7cfa5136a9105dbc85149e7f2ded,50,2,True,0x3b210,0x3af70
d746810ddece5231bc9f8a3cc96a3837,54,2,False,0x325b0,0x322e0
d865cde4bc48dcd9006e8fc0d39a4354,5,2,False,0x18948,0x18758
d891c6ba40f97abe69da77070ce2c5df,201,2,False,0x3ba30,0x3b790
d893c6207dc75212b16bd20afd7a933f,314,2,True,0x38288,0x37fec
d8bd349ef868590be0a7a75a853ff2b0,735,2,False,0x16f9c,0x16dac
d932d4c89acd71f9754f93f695445239,8,2,False,0x368e4,0x36648
d976491f4a04eaf5dfd123fdce8eefa7,10,2,False,0x9100,0x8f10
d9eacddaea9e4b69d4d315cb882f0fc4,27,2,False,0xfb24,0xf934
db5047fdf6e82aed7dddb67c244ceb12,16,2,False,0x6a60,0x6870
db5c40cb44294380c8f40171913c5154,55,2,False,0x5a68,0x5878
dc32736a8264757cc93efd8adc6568e1,34,2,False,0x5590,0x53a0
dd79bb995e3a95e13b267035b77ed960,165,1,False,-,0x2f84
ddabf112a31ab962582fbf1b5825087c,12,2,False,0x2094c,0x2075c
ddbab53c20c568392576edb271a2ea13,17,2,False,0x1e534,0x1e344
dde39588ce5e5ccdf86a93faddaed2d7,46,2,True,0x19a98,0x198a8
ddeb68599345ab3ab779ece3f8e94fa6,28,2,False,0x1df90,0x1dda0
dec08dda534f9d02108e8ab805c20bc7,7,2,False,0x3b144,0x3aea4
df1af3aa40d3c87fd242a6653490037e,50,2,True,0x86c4,0x84d4
df2c71f43c35476b04c225d50677acd8,103,2,False,0x355dc,0x3530c
e14d0916439c0ed3192b1dd3f8863cae,3,2,False,0xfae4,0xf8f4
e1657598cf26c42b1bc6dec16057ea45,13,2,True,0x10564,0x10374
e19260f53a9a0ca63018b1ca1ec97cd2,19,2,False,0x7f94,0x7da4
e2733934cef5951a29f414ee7ff55161,18,2,False,0x182a4,0x180b4
e277e5e3a7d17e99f74dfd01ae346784,1,2,False,0x36634,0x36398
e2aa3c15ff6a4645bf0bfd72cd6a21a5,61,2,False,0x38e64,0x38bc4
e34f890f5d2c8d2e528c0a4a2677a165,5,2,False,0x7700,0x7510
e37d1112c2763406686255daf256d609,376,2,False,0x22480,0x22290
e3cd2c242a877682538800b4ec9bff66,12,2,False,0x3aa50,0x3a7b0
e3e35c3a8db98a7c6d3d5723733e7ffe,35,2,False,0x3abb0,0x3a910
e4b79bf41401b4d3748a13228b593eee,98,1,False,-,0x434c
e5c5098e2c7bef506667d18b02b09890,247,2,True,0x25dfc,0x25c0c
e61ebac2e939ad0d86e19ea7e866d5ba,9,2,False,0xde38,0xdc48
e643ed26fad18f7459de3368713f73bb,540,2,True,0x1fe9c,0x1fcac
e72b3e39be688791f7f8a6f09b304dec,505,2,False,0x21c9c,0x21aac
e7bfa18e6e0790936f5b7ed105eb66f0,15,2,False,0x2c730,0x2c540
e80bea8fb3aaed820275bfa96c3625d0,13,2,True,0xfaf0,0xf900
e89ca87acc3eef3884f76bad6d7445c8,195,2,True,0x1ce78,0x1cc88
e8d915ec34a3245c0b34b30db6812722,131,2,True,0x3394c,0x3367c
e9053a58107dd1f6197154e7f45d07c4,50,2,False,0x1f9fc,0x1f80c
e94c7077e59cdcefdf929756bc37cdf2,97,2,False,0x19c50,0x19a60
eb3f590a7cbefae028b26d72c8523bae,25,2,False,0xc7f8,0xc608
eb4b93682d1b26c3ac06986bc4af90d6,9,2,False,0x1015c,0xff6c
ebb5a47584c1b4d9f180e677d56f14cb,22,2,False,0x3be7c,0x3bbdc
ec39eaeba5e67445fb68e7c07902de17,163,2,True,0x1bdc,0x1bc4
ec948e6c617d3f3833ae5d68563855a6,199,2,False,0x13ec0,0x13cd0
ecb33fa58155bfd3c44633273fd32b6c,51,2,True,0x39a54,0x397b4
efa7d59a41d027ddc507bdb2f29904c2,51,2,True,0x2f350,0x2f160
efc67105ee0e405fe451619f39159793,10,2,False,0x360f4,0x35e24
efd6115038d0ea8c098296454cd99f43,26,2,True,0x32964,0x32694
f003cacf13a7cd650093e7bc0b8e2dd2,201,2,True,0x263d0,0x261e0
f07aed16678be4e43e4eb4efaed0eda6,65,2,True,0x13914,0x13724
f1dce510a0696827596197de84914994,27,2,False,0x35fac,0x35cdc
f1ea9d41ecb617ac0da2968cd0312322,8,2,False,0xde08,0xdc18
f251a3629a6831e7e9838a710f7e598a,79,2,False,0xe30,0xe08
f2d0590c57942595ed1a80cb756a30bd,201,2,True,0x2d57c,0x2d38c
f2f67d449904aa087ace360791b2e837,34,2,True,0x3172c,0x31508
f3f6f63cca631609204a28dcdd9d5171,37,2,False,0x34c88,0x349b8
f432cd1037280c811a90827e5a523c87,53,2,False,0x9930,0x9740
f47c506f6db1c5ba821b75f7ef85d085,21,2,False,0x18850,0x18660
f4d405101c9b9b54b9c285d0146ab413,100,2,False,0x1d5d4,0x1d3e4
f5032d2a417d2b9c8fd173c38715ce11,396,2,True,0x37130,0x36e94
f5b8ea8d9ab3f409b041a49363b7b662,2,2,False,0x355d4,0x35304
f67fc3f6e4f2e7ba9307a6def0f2feb1,51,2,False,0x33880,0x335b0
f6b55f5fb71b4c023451b8c078da778c,102,2,True,0x10f68,0x10d78
f86e40834602329b774b23c75913d90d,811,2,False,0x245d4,0x243e4
f8753bbd16fbcfeb7b11ce5fb05b7c76,11,2,False,0x185f0,0x18400
f8d87ddb85277d22256dd5583a4aa61a,155,2,True,0x23180,0x22f90
f9aac68e2b99c25eede5cae21d8a386e,183,2,True,0x141dc,0x13fec
f9b4abfaad477f11fe365f62ea2a6e01,48,2,False,0x10ce0,0x10af0
fa87b13cb4fb9f0922ced5262cc0377b,6,2,False,0x95f8,0x9408
fab1961c35a8322e1e0a17a71dc054e7,10,2,False,0x36090,0x35dc0
fb728a50f6123ced475e934c69c24c41,22,2,False,0x3b2dc,0x3b03c
fd4db46b3d46b01a50f227112de598a9,27,2,False,0x13b54,0x13964
fdf9c42d97f215847c65ea48f62ca1a2,175,2,True,0xc534,0xc344
fe48561e3919fdfd93a693e12f35a8bd,23,2,True,0x2ecb8,0x2eac8
fef959de0f0ef947a8d50048bca05b8a,508,2,True,0x1ae4c,0x1ac5c
ff11e5c170ea2856fb45c9ffc7e51759,27,2,False,0x25a08,0x25818
